<?xml version="1.0" encoding="UTF-8"?>
<project-private xmlns="http://www.netbeans.org/ns/project-private/1">
    <editor-bookmarks xmlns="http://www.netbeans.org/ns/editor-bookmarks/2" lastBookmarkId="0"/>
    <open-files xmlns="http://www.netbeans.org/ns/projectui-open-files/2">
        <group>
            <file>file:/C:/Vietnamese%20-%20German%20University/Third%20Year/OOP%20with%20Java/Library_Management_System_Final/Library_Management_System/src/GUI/HomePage.java</file>
            <file>file:/C:/Vietnamese%20-%20German%20University/Third%20Year/OOP%20with%20Java/Library_Management_System_Final/Library_Management_System/src/GUI/IssuebookDetails.java</file>
            <file>file:/C:/Vietnamese%20-%20German%20University/Third%20Year/OOP%20with%20Java/Library_Management_System_Final/Library_Management_System/src/Controller/StudentInterface.java</file>
            <file>file:/C:/Vietnamese%20-%20German%20University/Third%20Year/OOP%20with%20Java/Library_Management_System_Final/Library_Management_System/src/GUI/ManageBooks.java</file>
            <file>file:/C:/Vietnamese%20-%20German%20University/Third%20Year/OOP%20with%20Java/Library_Management_System_Final/Library_Management_System/src/Controller/Student.java</file>
            <file>file:/C:/Vietnamese%20-%20German%20University/Third%20Year/OOP%20with%20Java/Library_Management_System_Final/Library_Management_System/src/Database/MS_SQL.java</file>
            <file>file:/C:/Vietnamese%20-%20German%20University/Third%20Year/OOP%20with%20Java/Library_Management_System_Final/Library_Management_System/src/library_management_system/Library_Management_System.java</file>
            <file>file:/C:/Vietnamese%20-%20German%20University/Third%20Year/OOP%20with%20Java/Library_Management_System_Final/Library_Management_System/src/Controller/BookInterface.java</file>
            <file>file:/C:/Vietnamese%20-%20German%20University/Third%20Year/OOP%20with%20Java/Library_Management_System_Final/Library_Management_System/src/GUI/ViewAllRecord.java</file>
            <file>file:/C:/Vietnamese%20-%20German%20University/Third%20Year/OOP%20with%20Java/Library_Management_System_Final/Library_Management_System/src/GUI/DefaulterList.java</file>
            <file>file:/C:/Vietnamese%20-%20German%20University/Third%20Year/OOP%20with%20Java/Library_Management_System_Final/Library_Management_System/src/GUI/SignupPage.java</file>
            <file>file:/C:/Vietnamese%20-%20German%20University/Third%20Year/OOP%20with%20Java/Library_Management_System_Final/Library_Management_System/src/Database/IB_SQL.java</file>
            <file>file:/C:/Vietnamese%20-%20German%20University/Third%20Year/OOP%20with%20Java/Library_Management_System_Final/Library_Management_System/src/GUI/LoginPage.java</file>
            <file>file:/C:/Vietnamese%20-%20German%20University/Third%20Year/OOP%20with%20Java/Library_Management_System_Final/Library_Management_System/src/GUI/ManageStudents.java</file>
            <file>file:/C:/Vietnamese%20-%20German%20University/Third%20Year/OOP%20with%20Java/Library_Management_System_Final/Library_Management_System/src/Controller/User.java</file>
            <file>file:/C:/Vietnamese%20-%20German%20University/Third%20Year/OOP%20with%20Java/Library_Management_System_Final/Library_Management_System/src/Database/MU_SQL.java</file>
            <file>file:/C:/Vietnamese%20-%20German%20University/Third%20Year/OOP%20with%20Java/Library_Management_System_Final/Library_Management_System/src/Controller/LMS.java</file>
            <file>file:/C:/Vietnamese%20-%20German%20University/Third%20Year/OOP%20with%20Java/Library_Management_System_Final/Library_Management_System/src/GUI/IssueBook.java</file>
        </group>
    </open-files>
</project-private>
